Motif,Sequence,Structure,Conservation p-value (sequence and structure),Conservation p-value (sequence only),Structure-dependent
CoRM1,CAUAGAN,.......,2.12E-029,2.12E-029,NO
CoRM13,UNAUGGA,(.....),1.43E-019,1.43E-019,NO
CoRM15,UYGANGA,((...)),1.64E-018,1.64E-018,NO
CoRM17,AUGUAN,......,3.65E-018,3.65E-018,NO
CoRM23,UYGCNGA,((...)),1.06E-017,1.06E-017,NO
CoRM25,UYCGNGA,((...)),3.95E-017,3.95E-017,NO
CoRM32,AUGGGNRU,((....)),2.03E-016,2.03E-016,NO
CoRM39,GCNCCNNNNGY,((.......)),5.02E-016,5.02E-016,NO
CoRM53,NNUCAGCUNNN,((.......)),4.05E-015,0.000291551,YES
CoRM60,UUYGNNNNCACGAA,((((......)))),1.83E-014,1.83E-014,NO
CoRM69,GANUGGNNNNNRNUY,((((.......)))),4.97E-014,1.59E-008,NO
CoRM80,NNCAGGANN,(.......),9.42E-014,9.54E-007,NO
CoRM121,AUGUCNNNNNRYRU,((((......)))),8.60E-013,8.60E-013,NO
CoRM127,CNAAGGNNG,(.......),1.24E-012,1.24E-012,NO
CoRM131,NNUYNACAAGANN,((((.....)))),1.42E-012,1.29E-006,NO
CoRM176,UGGCCNNNYYR,(((.....))),4.81E-012,4.81E-012,NO
CoRM185,NRYUNNNCAAGUN,((((.....)))),6.86E-012,1.63E-007,NO
CoRM186,NYNCGCAAGN,((......)),6.99E-012,1.81E-008,NO
CoRM198,NGNUUNNNNNANAANCN,(((((.......))))),1.09E-011,2.08E-005,NO
CoRM212,GGUNCANRYY,(((....))),1.38E-011,1.38E-011,NO
CoRM234,NAGGCNAUN,((.....)),2.12E-011,6.33E-009,NO
CoRM264,NNUNNAGAACANN,(((.......))),3.54E-011,9.23E-007,NO
CoRM298,NYAAGAAGN,((.....)),5.59E-011,1.12E-010,NO
CoRM306,NNUYGUNNACACGANN,((((((....)))))),6.21E-011,1.86E-008,NO
CoRM307,GCUCAGNNNNNNYUGRGY,(((((((....))))))),6.21E-011,2.48E-010,NO
CoRM332,NNGRYNNNNNGUGUCNN,(((((.......))))),8.46E-011,0.000107675,YES
CoRM360,GGUNNANUACC,(((.....))),1.07E-010,1.07E-010,NO
CoRM384,NNNNRGRNNAAGUCUNNNN,(((((((.....))))))),1.24E-010,8.35E-006,NO
CoRM429,GNCUGGAC,(......),2.07E-010,2.07E-010,NO
CoRM444,NNGGGNNNNAAACCCNN,(((((.......))))),2.48E-010,1.39E-007,NO
CoRM445,NNGUAUCCNRURYNN,((((((...)))))),2.48E-010,3.13E-007,NO
CoRM446,GYGRGUNNNACUCGC,((((((...)))))),2.48E-010,2.48E-010,NO
CoRM491,NNNNCAAGGANUGNNNN,((((((.....)))))),3.11E-010,0.000201617,YES
CoRM495,NAGNUNCNNNNNRNYUN,(((((.......))))),3.20E-010,0.00403603,YES
CoRM505,GGYNNNNGAUGCC,(((.......))),3.46E-010,3.46E-010,NO
CoRM509,NNNRNNAUNCUNNN,((((......)))),3.53E-010,0.00254345,YES
CoRM519,NUAUGAGNNNNYUYRURN,(((((((....))))))),3.73E-010,2.98E-009,NO
CoRM541,NNYNNUACGAGNN,(((.......))),4.37E-010,1.20E-003,YES
CoRM580,ACUGGARGU,(((...))),5.46E-010,5.46E-010,NO
CoRM591,NRUNNNNCGCAUN,(((.......))),6.04E-010,2.72E-010,NO
CoRM594,GUGRNNUUCAC,((((...)))),6.08E-010,6.08E-010,NO
CoRM636,GGNCAGCC,((....)),7.87E-010,7.87E-010,NO
CoRM666,NCGGNUCNNNYYGN,((((......)))),9.85E-010,1.58E-006,NO
CoRM670,NGGAGCUNNNNNGYUYYN,((((((......)))))),9.94E-010,6.21E-008,NO
CoRM728,YUNAANCAG,((.....)),1.23E-009,1.23E-009,NO
CoRM765,YGYUYUNNNNAGAGCG,((((((....)))))),1.49E-009,1.49E-009,NO
CoRM776,NNNNNGRNCCNCUCNNNNN,(((((((.....))))))),1.49E-009,5.47E-006,NO
CoRM783,YNUACCAG,(......),1.62E-009,1.62E-009,NO
CoRM831,ANNUNGNNNNNNNYNRNNU,((((((.......)))))),1.98E-009,1.37E-007,NO
CoRM836,NNNNYGRNNCNCUCGNNNN,(((((((.....))))))),1.99E-009,4.10E-003,YES
CoRM866,GNUYUUNNNNAAGANC,((((((....)))))),2.24E-009,4.17E-008,NO
CoRM906,CCGUCGNNGRYGG,(((((...))))),2.48E-009,2.48E-009,NO
CoRM918,RGYRGNNNCUGCU,(((((...))))),2.60E-009,2.60E-009,NO
CoRM926,NNAUNAACNNNRUNN,((((.......)))),2.68E-009,6.93E-007,NO
CoRM947,NNCCGCAUYGGNN,(((((...))))),2.98E-009,1.21E-006,NO
CoRM986,GCGCCGNNNNYGGYGY,((((((....)))))),3.35E-009,3.35E-009,NO
CoRM998,RNYUNNNNCGAGNU,((((......)))),3.44E-009,2.13E-006,NO
CoRM1003,UGYYNNUGGCA,((((...)))),3.50E-009,3.50E-009,NO
CoRM1016,CCAGGCNUGG,(((....))),3.73E-009,3.73E-009,NO
CoRM1018,NNNNGNNUCAAACNNNN,(((((.......))))),3.73E-009,0.00424737,YES
CoRM1019,NGUACGGNNNNNYGURYN,((((((......)))))),3.73E-009,6.26E-008,NO
CoRM1032,NNNNNNACCUNGNNNNNNN,((((((.......)))))),3.98E-009,2.66E-004,YES
CoRM1043,NNAGCANAUNN,(((.....))),4.11E-009,0.00475076,YES
CoRM1081,NYYRRNNNNNAUUGGN,(((((......))))),4.51E-009,1.36E-008,NO
CoRM1091,NNGAUGCNCNN,(((.....))),4.70E-009,8.27E-010,NO
CoRM1139,NYYUNAAGGN,(((....))),5.42E-009,2.45E-005,NO
CoRM1188,NCGGGCUNNNNNYYYGN,(((((.......))))),5.96E-009,5.22E-008,NO
CoRM1192,UYNUGRNNNNNUCANGA,((((((.....)))))),5.96E-009,1.88E-007,NO
CoRM1293,CGANCUNNNNNNGNUYG,(((((.......))))),7.45E-009,2.61E-007,NO
CoRM1311,NNNNGUGGAUNYRYNNNN,(((((((....))))))),7.83E-009,2.91E-007,NO
CoRM1359,UYNGGNNNGCCNGA,(((((....))))),8.94E-009,2.52E-007,NO
CoRM1363,NNNAUGGUGNNYRUNNN,((((((.....)))))),8.94E-009,5.77E-004,YES
CoRM1369,NGRNYNGNNNNNNNCNGNUCN,(((((((.......))))))),8.94E-009,6.44E-004,YES
CoRM1374,NUNUUNNCNAANAN,(((((....))))),9.19E-009,4.25E-004,YES
CoRM1422,NNNNYGUNGAGNNNN,(((((.....))))),1.02E-008,4.17E-006,NO
CoRM1423,NNGANGCNNUYNN,(((((...))))),1.02E-008,3.46E-010,NO
CoRM1436,NNNNNNNGGCGANNNNNNNNN,(((((((.......))))))),1.04E-008,0.0287297,YES
CoRM1447,NYGNNNUNAACGN,(((.......))),1.07E-008,0.000887285,YES
CoRM1450,YYRRNNUUUGG,((((...)))),1.07E-008,1.07E-008,NO
CoRM1455,NNYGNNAAGNCGNN,((((......)))),1.10E-008,0.00144562,YES
CoRM1515,NNNYYGRNNNNCUCGGNNN,(((((((.....))))))),1.19E-008,5.83E-005,YES
CoRM1534,UGYYNNNNGGGCA,((((.....)))),1.25E-008,1.25E-008,NO
CoRM1615,NGCCGUANNGGYN,((((.....)))),1.49E-008,1.05E-006,NO
CoRM1617,CAUGGGNNNNYYYRUG,((((((....)))))),1.49E-008,1.49E-008,NO
CoRM1618,CCNAUGNNNNNYRUNGG,((((((.....)))))),1.49E-008,1.41E-014,NO
CoRM1663,NNUGGCACNNNNNGYYRNN,((((((.......)))))),1.68E-008,1.77E-005,NO
CoRM1664,NNYGGNNNNNNAANCCGNN,((((((.......)))))),1.68E-008,1.72E-004,YES
CoRM1691,CCAUACNNNRUGG,((((.....)))),1.79E-008,1.79E-008,NO
CoRM1694,NNNNGGNNNCANACCNNNN,((((((.......)))))),1.79E-008,3.67E-003,YES
CoRM1725,NNNNNGNUGGUGCNNNNN,((((((......)))))),1.86E-008,1.05E-002,YES
CoRM1727,URYGNGNNNNNNNCNCGUA,((((((.......)))))),1.86E-008,4.93E-007,NO
CoRM1773,NYUURRNNNNNNNUUAAGN,((((((.......)))))),2.01E-008,1.97E-006,NO
CoRM1810,NNRUUCNGAAUNN,(((((...))))),2.17E-008,8.21E-005,YES
CoRM1829,NCCGUUCNNNNYGGN,((((.......)))),2.24E-008,1.20E-006,NO
CoRM1837,NNNNNGCUUCANNYNNNNN,((((((.......)))))),2.24E-008,0.175109,YES
CoRM1882,NNGUNAAGAACNN,((((.....)))),2.48E-008,1.40E-009,NO
CoRM1909,NNNNAGCNGGNGYUNNNN,(((((((....))))))),2.61E-008,4.54E-006,NO
CoRM1910,NNNNANCUNGNGNUNNNN,(((((((....))))))),2.61E-008,2.24E-005,NO
CoRM1934,NNNNGANGGCNNNNNUYNNNN,(((((((.......))))))),2.68E-008,6.57E-003,YES
CoRM1950,GCNCAGNNNNNNYUGNGY,((((((......)))))),2.78E-008,3.49E-007,NO
CoRM1953,GCNNAGNNNNNNYUNNGY,(((((((....))))))),2.80E-008,0.00845982,YES
CoRM1970,AUUUAUU,(.....),2.86E-008,2.86E-008,NO
CoRM2002,NNNCGUAAGGNNN,((((.....)))),2.98E-008,2.26E-003,YES
CoRM2004,NGUAUCCNNNRURYN,(((((.....))))),2.98E-008,3.49E-007,NO
CoRM2009,NCNCAGNNNNNNYUGNGN,(((((((....))))))),2.98E-008,0.0012397,YES
CoRM2010,NNYYRGYNNNNGCUGGNN,(((((((....))))))),2.98E-008,2.11E-005,NO
CoRM2239,NRGYNCGGGCUN,((((....)))),4.17E-008,1.78E-006,NO
CoRM2240,NGAUAGGNNNRUYN,((((......)))),4.17E-008,1.14E-006,NO
CoRM2279,AGUCGUNGRYU,((((...)))),4.47E-008,4.47E-008,NO
CoRM2281,NNYGUNCACACGNN,(((((....))))),4.47E-008,2.99E-005,NO
CoRM2283,NGRYGNNNNGCCGUCN,(((((......))))),4.47E-008,1.05E-006,NO
CoRM2284,UGGAACNNNNNNUUYYR,(((((.......))))),4.47E-008,4.47E-008,NO
CoRM2335,GNGRGNNNNACUCNC,(((((.....))))),4.77E-008,2.85E-006,NO
CoRM2405,NNUNAANCCANN,(((......))),5.29E-008,2.05E-005,NO
CoRM2447,NNGANCCAYNN,(((.....))),5.58E-008,1.95E-001,YES
CoRM2454,GCNAGUNNNRYUNGY,((((((...)))))),5.59E-008,1.31E-006,NO
CoRM2469,NUCAGNUNNNNYUGRN,((((((....)))))),5.74E-008,8.01E-005,YES
CoRM2534,YGGYNNGCGCCG,((((....)))),6.21E-008,6.21E-008,NO
CoRM2553,UYGNNUACGA,(((....))),6.33E-008,6.33E-008,NO
CoRM2597,YGRGUNNNACUCG,(((((...))))),6.71E-008,6.71E-008,NO
CoRM2600,NNNGGCUGANNYYNNN,(((((......))))),6.71E-008,0.00566673,YES
CoRM2604,UGCGGGNNNNNNNYYYGYR,((((((.......)))))),6.71E-008,6.71E-008,NO
CoRM2698,URNNGGNNNNNNNCCNNUA,((((((.......)))))),7.61E-008,0.000169706,YES
CoRM2720,GYGGNAACCGC,((((...)))),7.83E-008,7.83E-008,NO
CoRM2751,GUUUGANNNNNNNUYRRRY,((((((.......)))))),8.05E-008,8.05E-008,NO
CoRM2843,GYYNGNNNACNGGC,(((((....))))),8.94E-008,7.21E-006,NO
CoRM2863,GUANUCNNNNGRNURY,((((((....)))))),9.13E-008,7.38E-007,NO
CoRM2871,CAAAAC,......,9.16E-008,9.16E-008,NO
CoRM2933,NNGGNUACNYYNN,((((.....)))),1.01E-007,3.16E-004,YES
CoRM2967,ACAUGGNNNNNRUGU,((((.......)))),1.04E-007,1.04E-007,NO
CoRM2968,NNNUNNGGGCAANNN,((((.......)))),1.04E-007,1.02E-002,YES
CoRM3033,GACUACNUY,((.....)),1.14E-007,1.14E-007,NO
CoRM3049,GYYGNNNNNUUCGGC,((((.......)))),1.15E-007,1.15E-007,NO
CoRM3050,NNNNUGANGUNNUYRNNNN,(((((((.....))))))),1.15E-007,2.47E-005,NO
CoRM3064,NNUCNGCUNNNNYNGRNN,((((((......)))))),1.17E-007,5.45E-003,YES
CoRM3065,YYRRUNNNNNNNNNAUUGG,(((((((.....))))))),1.17E-007,6.69E-005,YES
CoRM3078,CGAUGUNNNNNYRUYG,(((((......))))),1.19E-007,1.19E-007,NO
CoRM3079,NNRUYNNNNAANGAUNN,((((((.....)))))),1.19E-007,2.12E-005,NO
CoRM3102,NNACNAACNNGUNN,(((((....))))),1.22E-007,8.35E-003,YES
CoRM3108,NNNNCGGNAUNNYGNNNN,((((((......)))))),1.22E-007,0.00251532,YES
CoRM3146,NGNUACARNYN,((((...)))),1.26E-007,2.00E-006,NO
CoRM3150,NNAUAGUUNNNRUNN,((((.......)))),1.27E-007,6.60E-004,YES
CoRM3163,NNNAGCUGNNGYUNNN,((((((....)))))),1.28E-007,2.30E-005,NO
CoRM3209,GRRYRNNNNNAUGUUC,(((((......))))),1.34E-007,1.34E-007,NO
CoRM3227,UGRNUNAUCA,(((....))),1.36E-007,1.36E-007,NO
CoRM3296,CGUACUNNNNURYG,((((......)))),1.43E-007,1.43E-007,NO
CoRM3359,UGGAUGNNNNNYRUYYR,((((((.....)))))),1.52E-007,1.52E-007,NO
CoRM3368,GNRUYNNNNAGAUNC,(((((.....))))),1.53E-007,7.54E-006,NO
CoRM3378,NUGUAUCNNNURYRN,(((((.....))))),1.55E-007,4.07E-006,NO
CoRM3391,NNCAUCGUNUGNN,((((.....)))),1.57E-007,1.75E-004,YES
CoRM3393,NNYGUCNAACGNN,(((((...))))),1.57E-007,0.000232195,YES
CoRM3489,NAUGANANNNNNNUYRUN,((((((......)))))),1.70E-007,6.20E-004,YES
CoRM3558,NGUUUUGNRRYN,((((....)))),1.82E-007,2.29E-006,NO
CoRM3596,NNURNNCCCUUANN,((((......)))),1.86E-007,2.39E-004,YES
CoRM3708,AUCAAGNNNNUGRU,((((......)))),2.09E-007,2.09E-007,NO
CoRM3709,YRUYGNNNNNGCGAUG,(((((......))))),2.09E-007,2.09E-007,NO
CoRM3762,NNAUUCAGNNN,((.......)),2.17E-007,2.43E-004,YES
CoRM3787,UGGYNNNNNGNGCCA,(((((.....))))),2.23E-007,8.28E-006,NO
CoRM3830,UGNCNUACA,((.....)),2.31E-007,2.31E-007,NO
CoRM3880,NNNACUCCCNUNNN,((((......)))),2.39E-007,0.0247597,YES
CoRM3907,YUUYRNNAUGAAG,(((((...))))),2.46E-007,2.46E-007,NO
CoRM3921,NNGGNNUANACCNN,((((......)))),2.48E-007,6.36E-004,YES
CoRM3926,NNNNUNNAACUNANNNN,(((((.......))))),2.50E-007,0.056462,YES
CoRM3981,CGNAUCNNNNNYG,(((.......))),2.61E-007,8.76E-006,NO
CoRM4080,NNYGUNNNNCCNACGNN,(((((.......))))),2.78E-007,0.000447124,YES
CoRM4119,CCGGUGNNNYYGG,((((.....)))),2.86E-007,2.86E-007,NO
CoRM4197,UGYCNAGCA,(((...))),3.03E-007,3.03E-007,NO
CoRM4227,CGCGGUNYG,((.....)),3.11E-007,3.11E-007,NO
CoRM4238,RUGGYNNNNNGCCAU,(((((.....))))),3.13E-007,3.13E-007,NO
CoRM4323,GCANGGNNNYYNUGY,((((((...)))))),3.34E-007,9.20E-006,NO
CoRM4393,NNCUACCCNGNN,(((......))),3.52E-007,4.01E-004,YES
CoRM4477,NGUNNNAGUUACN,(((.......))),3.76E-007,1.78E-005,NO
CoRM4479,UACGACNNYGUR,((((....)))),3.76E-007,3.76E-007,NO
CoRM4485,NNNAGGACAUNNN,((((.....)))),3.76E-007,5.19E-005,YES
CoRM4513,GAUUCUNNNRRUY,((((.....)))),3.88E-007,3.88E-007,NO
CoRM4517,UGACNGA,(.....),3.88E-007,3.88E-007,NO
CoRM4559,RRRNNNGAGUUU,(((......))),3.99E-007,3.99E-007,NO
CoRM4625,NNGYNANGNGCNN,(((((...))))),4.20E-007,1.59E-006,NO
CoRM4628,CCCGUAGG,((....)),4.21E-007,4.21E-007,NO
CoRM4688,NYUGNNNUCGCAGN,((((......)))),4.35E-007,9.12E-006,NO
CoRM4715,NNNUNUGGAANANNN,((((((...)))))),4.43E-007,7.44E-005,YES
CoRM4769,RUYUNNNNGGAGAU,((((......)))),4.59E-007,4.59E-007,NO
CoRM4834,NGCGGNCNNNNYYGYN,((((((....)))))),4.78E-007,0.000323415,YES
CoRM4889,NNAUACAANRUNN,((((.....)))),4.92E-007,1.39E-003,YES
CoRM4905,YUGYRNNCUGCAG,(((((...))))),4.97E-007,4.97E-007,NO
CoRM4909,NYUUNCACAAGN,((((....)))),5.01E-007,4.09E-005,NO
CoRM4919,NNGGYNNGGNGCCNN,(((((.....))))),5.03E-007,8.82E-004,YES
CoRM4923,NUUUGGCNNNNYYRRRN,((((((.....)))))),5.03E-007,7.97E-006,NO
CoRM4928,NNNNNGCGGGCNNNN,((((.......)))),5.07E-007,1.11E-001,YES
CoRM4983,NNNNGCUNGCNNGYNNNN,((((((......)))))),5.22E-007,3.50E-004,YES
CoRM5069,CAGGGNNNYUG,(((.....))),5.53E-007,5.53E-007,NO
CoRM5078,NNNNNNGNCCNCYNNNNNN,(((((((.....))))))),5.57E-007,2.26E-002,YES
CoRM5103,NNNNGGCGANNNYYNNNN,((((((......)))))),5.64E-007,3.46E-001,YES
CoRM5171,RUYYGNNNCGGAU,(((((...))))),5.84E-007,5.84E-007,NO
CoRM5227,NNNNGNNCCGNGCNNNN,(((((.......))))),6.01E-007,0.0282279,YES
CoRM5228,UCCAGANNNNGGR,(((.......))),6.03E-007,6.03E-007,NO
CoRM5254,GYYYNNNCUGGGC,((((.....)))),6.10E-007,6.10E-007,NO
CoRM5292,CUUUGGNNYRRRG,(((((...))))),6.20E-007,6.20E-007,NO
CoRM5409,NGUNNNAAGCACN,(((.......))),6.64E-007,4.50E-005,NO
CoRM5416,NGCANGGNNNYNUGYN,((((((....)))))),6.68E-007,3.31E-004,YES
CoRM5562,GYGNGNNNNNCNCGC,((((((...)))))),7.24E-007,0.00113121,YES
CoRM5649,NNNNNNAUGAUGNNNNN,(((((.......))))),7.51E-007,1.51E-008,NO
CoRM5728,NGCGCNNNNNNNGYGYN,(((((((...))))))),7.83E-007,2.18E-002,YES
CoRM5805,NUYUGCAAGAN,((((...)))),8.14E-007,1.82E-005,NO
CoRM5827,NNYUYUNNUNAGAGNN,((((((....)))))),8.29E-007,0.000224327,YES
CoRM5914,NAUGCGNNNNNYRUN,((((.......)))),8.71E-007,7.13E-004,YES
CoRM5939,NNNNNGUUACANNNN,((((.......)))),8.79E-007,0.113111,YES
CoRM5987,NGRRNUACUUCN,((((....)))),9.02E-007,4.28E-005,NO
CoRM6030,GRGNCACCUC,(((....))),9.22E-007,9.22E-007,NO
CoRM6126,NGGUNNCNCACCN,((((.....)))),9.69E-007,5.03E-005,YES
CoRM6152,NCGUNGURYGN,((((...)))),9.82E-007,2.96E-005,NO
CoRM6200,GYYRNNNNNAUGGC,((((......)))),1.01E-006,1.01E-006,NO
CoRM6217,UNGYRYNNNNGUGCNA,((((((....)))))),1.02E-006,2.23E-005,NO
CoRM6261,NYUUYNNNNNAUGAAGN,(((((.......))))),1.04E-006,1.70E-005,NO
CoRM6302,NNGUCNGNNNNNYNGRYNN,(((((((.....))))))),1.07E-006,0.0174916,YES
CoRM6345,NCAUCAUNNNRUGN,((((......)))),1.09E-006,2.64E-005,NO
CoRM6362,GGYRNGAUGCC,((((...)))),1.10E-006,1.10E-006,NO
CoRM6465,NRGRNNNNNCANUCUN,(((((......))))),1.14E-006,0.00259682,YES
CoRM6488,YRUYRYNNNNNNNGUGAUG,((((((.......)))))),1.16E-006,1.16E-006,NO
CoRM6602,GCAUGGNRUGY,((((...)))),1.22E-006,1.22E-006,NO
CoRM6650,NNNGAAUUGNYNNN,((((......)))),1.25E-006,0.220239,YES
CoRM6693,NNNNAGACNANNN,(((.......))),1.27E-006,6.64E-005,YES
CoRM6763,NYRUYNNNUGGAUGN,(((((.....))))),1.31E-006,4.68E-005,NO
CoRM6764,NAGNNCANNNNNNGNNYUN,((((((.......)))))),1.31E-006,8.47E-002,YES
CoRM6864,CAUGCANNNNNGYRUG,(((((......))))),1.38E-006,1.38E-006,NO
CoRM6870,NGUNNAANNACN,((((....)))),1.38E-006,1.22E-002,YES
CoRM6871,NGACCGCUYN,(((....))),1.38E-006,1.43E-004,YES
CoRM6887,NNGGACCACNN,(((.....))),1.39E-006,2.76E-003,YES
CoRM7029,GUGGGGNNNYYYYRY,((((((...)))))),1.47E-006,1.47E-006,NO
CoRM7127,AGUCNGNNNNRYU,(((.......))),1.53E-006,1.53E-006,NO
CoRM7129,YRUGNNNGACAUG,((((.....)))),1.53E-006,1.53E-006,NO
CoRM7142,NNGYUNNGGNAGCNN,(((((.....))))),1.54E-006,2.94E-003,YES
CoRM7200,GNCUCNAC,(......),1.57E-006,1.57E-006,NO
CoRM7359,NNUNCCGUAANN,(((......))),1.70E-006,1.98E-003,YES
CoRM7443,NNGGNNNGNGACCNN,((((.......)))),1.75E-006,4.54E-006,NO
CoRM7492,GUGNNNNCAGCAC,(((.......))),1.80E-006,1.80E-006,NO
CoRM7495,NNYGNNUACACGNN,((((......)))),1.80E-006,2.30E-003,YES
CoRM7521,NGUNCGCCACN,(((.....))),1.82E-006,9.80E-005,YES
CoRM7549,NNNGNNNUGGGNCNNN,(((((......))))),1.84E-006,0.000137082,YES
CoRM7552,GUUYNNNNAGAAC,((((.....)))),1.85E-006,1.85E-006,NO
CoRM7649,UAGGCGNNYUR,(((.....))),1.92E-006,1.92E-006,NO
CoRM7721,NNNNCAGUUNGNNNN,(((((.....))))),1.97E-006,0.000326218,YES
CoRM7809,NNNNYRNGANCUGNNNN,((((((.....)))))),2.03E-006,2.77E-005,NO
CoRM7810,ANUGGUNNNNNNRYYRNU,(((((((....))))))),2.03E-006,1.15E-007,NO
CoRM7840,NRGURNNUNUACUN,(((((....))))),2.06E-006,6.20E-005,YES
CoRM7859,NNNNUGACANYRNNNN,((((((....)))))),2.08E-006,1.26E-002,YES
CoRM7914,RGRYNNNNNNNANGUCU,(((((.......))))),2.12E-006,6.69E-005,YES
CoRM7943,GGRNNNNCUCUCC,(((.......))),2.15E-006,2.15E-006,NO
CoRM7977,NCCUNGGNNNRGGN,((((......)))),2.17E-006,0.000105933,YES
CoRM8019,NNGAUGCGNNUYNN,((((......)))),2.21E-006,2.83E-003,YES
CoRM8124,YGGNGGGCCG,(((....))),2.30E-006,2.30E-006,NO
CoRM8170,CUNAUUNNNNNNRUNRG,(((((.......))))),2.35E-006,3.87E-005,NO
CoRM8225,GRGNRRNNNUUNCUC,((((((...)))))),2.41E-006,4.08E-005,NO
CoRM8241,CANCCANNNGNUG,((((.....)))),2.42E-006,0.000188702,YES
CoRM8259,GRNUGCAUC,((.....)),2.43E-006,2.43E-006,NO
CoRM8509,RRGYNNNNCAGCUU,((((......)))),2.66E-006,2.66E-006,NO
CoRM8525,NGCAGCANUGYN,((((....)))),2.67E-006,0.000162666,YES
CoRM8680,NNGGCNCCNNGYYNN,(((((.....))))),2.82E-006,3.96E-003,YES
CoRM8756,NYRUNRNNUUNAUGN,((((((...)))))),2.89E-006,7.78E-003,YES
CoRM8941,CGAACNNNNUUYG,((((.....)))),3.07E-006,3.07E-006,NO
CoRM8962,GUUAUUNNRRY,(((.....))),3.10E-006,3.10E-006,NO
CoRM9227,NAGNCUANNNNNYUN,((((.......)))),3.38E-006,1.04E-005,NO
CoRM9289,NNACNGGUNNNGUNN,((((.......)))),3.45E-006,8.15E-003,YES
CoRM9336,NNANUUNGNNNNNRRNUNN,(((((((.....))))))),3.51E-006,0.000608797,YES
CoRM9505,GGNNCCGCCC,((......)),3.71E-006,3.71E-006,NO
CoRM9518,RYYUYNNNNNNGAGGU,((((((....)))))),3.73E-006,2.12E-004,YES
CoRM9559,NNCUGGGUGNN,(((.....))),3.78E-006,0.0131605,YES
CoRM9654,YUUNGGCAAG,(((....))),3.90E-006,3.90E-006,NO
CoRM9676,YUGAGCAG,((....)),3.93E-006,3.93E-006,NO
CoRM9692,UUCGCCNGRR,(((....))),3.95E-006,3.95E-006,NO
CoRM9710,NCGGACCNGN,((......)),3.97E-006,1.74E-004,YES
CoRM9751,NGGUCGCNNNRYYN,((((......)))),4.01E-006,0.000143025,YES
CoRM9755,ANCGNGNNYGNU,((((....)))),4.01E-006,1.54E-004,YES
CoRM9862,NGAGGACYUYN,((((...)))),4.18E-006,1.55E-004,YES
CoRM9912,NNRNGGNNUCCNUNN,((((((...)))))),4.28E-006,0.194017,YES
CoRM9966,NNGGAUAANNYYNN,((((......)))),4.36E-006,0.0037179,YES
CoRM10028,RGUGNNNNCCACU,((((.....)))),4.46E-006,4.46E-006,NO
CoRM10064,AUNCGNNNNYGNRU,(((((....))))),4.51E-006,1.32E-003,YES
CoRM10308,NGGACAUNNNNUYYN,((((.......)))),4.83E-006,1.13E-004,YES
CoRM10419,RUYNUCCGAU,(((....))),5.03E-006,5.03E-006,NO
CoRM10430,NCAAUGANUGN,(((.....))),5.05E-006,0.000183325,YES
CoRM10436,GYGAGACGC,(((...))),5.06E-006,5.06E-006,NO
CoRM10471,GNUGCANNNNNUGYRNY,((((((.....)))))),5.10E-006,1.59E-008,NO
CoRM10472,UCGGCCNNNNYGR,(((.......))),5.10E-006,5.10E-006,NO
CoRM10555,CGNCCGNGNYG,((((...)))),5.26E-006,0.00030061,YES
CoRM10574,YGGCCACCG,(((...))),5.30E-006,5.30E-006,NO
CoRM10592,NNUNUGGUCANN,(((......))),5.32E-006,1.21E-002,YES
CoRM10871,NNNNGRRNNNNANNUUCNNNN,(((((((.......))))))),5.72E-006,5.47E-002,YES
CoRM10877,GUYNNNNGUGGAC,(((.......))),5.74E-006,5.74E-006,NO
CoRM10978,YUNGNNGGCNAG,((((....)))),5.90E-006,0.000159964,YES
CoRM11049,NCCGNCUNNYGGN,((((.....)))),6.02E-006,0.000263417,YES
CoRM11124,GYYRYNNNGGUGGC,(((((....))))),6.12E-006,6.12E-006,NO
CoRM11132,NYGNNNUCCCCGN,(((.......))),6.14E-006,0.000486648,YES
CoRM11205,GGAUNNNNNNNNNNNNNRUYY,(((((((.......))))))),6.26E-006,0.000331528,YES
CoRM11529,CUGGCUNYRG,(((....))),6.85E-006,6.85E-006,NO
CoRM11628,GRRUNNNCNAUUC,((((.....)))),7.04E-006,7.04E-006,NO
CoRM11636,NNNNNNNNNCCCGNNNNNN,((((((.......)))))),7.06E-006,0.00926905,YES
CoRM11698,GRYYNNGGGUC,((((...)))),7.20E-006,7.20E-006,NO
CoRM11997,NYYRNYNNNNNNAGNUGGN,((((((.......)))))),7.75E-006,0.00780217,YES
CoRM12076,NGYNNUNNNNNCANNGCN,((((((......)))))),7.92E-006,0.39183,YES
CoRM12102,NNNNGRNANNAUCNNNN,((((((.....)))))),7.97E-006,5.65E-004,YES
CoRM12122,NUGYNNNGCAGCAN,((((......)))),8.02E-006,0.000394556,YES
CoRM12343,NNNGUCNGANRYNNN,(((((.....))))),8.50E-006,4.11E-005,NO
CoRM12496,GUUNNNNNGNNAAC,(((((....))))),8.85E-006,6.72E-005,YES
CoRM12558,NNNNGAGNNGNYUYNNNN,(((((((....))))))),8.95E-006,2.30E-004,YES
CoRM12631,YNGNNNUGCCNG,(((......))),9.10E-006,3.45E-008,NO
CoRM12697,AGACGGNNU,(.......),9.27E-006,9.27E-006,NO
CoRM12831,NGCUNUUNNNRNRGYN,((((((....)))))),9.52E-006,0.00848764,YES
CoRM12841,GYUYNNNNAGGAGC,((((......)))),9.56E-006,9.56E-006,NO
CoRM12948,UUGUUGNNNNNNNYRRYRR,(((((((.....))))))),9.80E-006,3.06E-004,YES
CoRM12969,GYRRGNNNCUUGC,(((((...))))),9.84E-006,9.84E-006,NO
CoRM13050,NYNGAUACNGN,((((...)))),1.00E-005,0.000196313,YES
CoRM13101,CGUGCUNNNNNYRYG,((((.......)))),1.01E-005,1.01E-005,NO
CoRM13118,NNRYNAACAGUNN,((((.....)))),1.02E-005,0.0156895,YES
CoRM13506,YGUNNNNGUCACG,(((.......))),1.12E-005,1.12E-005,NO
CoRM13522,AACNUANNNNGUU,(((.......))),1.12E-005,1.12E-005,NO
CoRM13677,NNNGAACUNUYNNN,(((((....))))),1.17E-005,1.89E-001,YES
CoRM13701,NNNNUCNAGURNNNN,(((((.....))))),1.17E-005,0.438242,YES
CoRM13749,GACAACC,(.....),1.19E-005,1.19E-005,NO
CoRM13832,NAACAUGUUN,(((....))),1.21E-005,0.000352276,YES
CoRM14266,NGGUCAANYYN,(((.....))),1.31E-005,0.00053539,YES
CoRM14286,NGGANUCNNUYYN,(((((...))))),1.32E-005,0.0139244,YES
CoRM14482,NUYRNCAUUGAN,((((....)))),1.38E-005,0.000442055,YES
CoRM14520,GYNNAGAAGC,((......)),1.39E-005,1.39E-005,NO
CoRM14585,NCNAGNCUNGN,((((...)))),1.41E-005,2.49E-004,YES
CoRM14648,NNNAUNAGGNNUNNN,((((.......)))),1.43E-005,0.0183699,YES
CoRM14683,NGCACUANNNGYN,(((.......))),1.44E-005,3.42E-004,YES
CoRM14703,NNGGUNNCNNNNNRYYNN,(((((((....))))))),1.44E-005,3.45E-002,YES
CoRM14755,NNURNNNGUCNUANN,((((.......)))),1.46E-005,0.0203366,YES
CoRM14907,CAUGACRUG,(((...))),1.51E-005,1.51E-005,NO
CoRM14967,NYYNRYNNNNNCGUNGGN,((((((......)))))),1.52E-005,0.00704939,YES
CoRM15195,NGAUCCNRUYN,((((...)))),1.59E-005,5.63E-004,YES
CoRM15269,NNYGUNNNNNCNNACGNN,((((((......)))))),1.61E-005,0.046329,YES
CoRM15402,NNGNNCAGCGCNN,(((.......))),1.65E-005,2.25E-002,YES
CoRM15491,NNNGYRNNNNNGGUGCNNN,((((((.......)))))),1.68E-005,0.034878,YES
CoRM15495,GYRRNCUUUGC,((((...)))),1.68E-005,1.68E-005,NO
CoRM15588,YGNUNGAANCG,((((...)))),1.70E-005,6.93E-004,YES
CoRM15706,AAGGCNYUU,(((...))),1.73E-005,1.73E-005,NO
CoRM15809,ACUUNANNNRRGU,((((.....)))),1.78E-005,1.78E-005,NO
CoRM15823,NURRYNANGUUAN,(((((...))))),1.78E-005,0.000617086,YES
CoRM15869,GUCGCANNNNGRY,(((.......))),1.79E-005,1.79E-005,NO
CoRM15987,NUGGACNNNNUYYRN,(((((.....))))),1.83E-005,4.20E-007,NO
CoRM15998,NUNCCGNCAN,((......)),1.84E-005,0.00196215,YES
CoRM16101,NNACUUCANNUNN,(((.......))),1.87E-005,0.0719592,YES
CoRM16121,NNNNGAUUACNNN,(((.......))),1.87E-005,0.000141372,YES
CoRM16238,UANGACNNNNYNUR,((((......)))),1.91E-005,0.000839546,YES
CoRM16614,NNRRNNNUGGAUUNN,((((.......)))),2.06E-005,0.0189975,YES
CoRM16983,NNGUANCGNURYNN,(((((....))))),2.19E-005,1.59E-002,YES
CoRM17098,AGCAGNNUGYU,((((...)))),2.23E-005,2.23E-005,NO
CoRM17183,GYYNYYNNNNNNGGNGGC,((((((......)))))),2.27E-005,0.000650286,YES
CoRM17203,NNYRNNNCAACUGNN,((((.......)))),2.27E-005,0.0441853,YES
CoRM17349,NNNNNNUCUGNUNNNNN,(((((.......))))),2.33E-005,0.516376,YES
CoRM17370,AUCUCGRU,((....)),2.33E-005,2.33E-005,NO
CoRM17476,AGUACANRYU,(((....))),2.38E-005,2.38E-005,NO
CoRM17656,UGYACGGCA,(((...))),2.45E-005,2.45E-005,NO
CoRM17670,NNNAANCNAUUNNN,(((((....))))),2.46E-005,0.159815,YES
CoRM17727,NNNANAGCCNNUNNN,((((.......)))),2.48E-005,0.0304499,YES
CoRM17771,NCUGGCANNRGN,(((......))),2.50E-005,0.00110732,YES
CoRM17941,NNUUNNNGCGNAANN,((((.......)))),2.58E-005,0.0302369,YES
CoRM17945,NNNYYNGGUNGGNNN,(((((.....))))),2.58E-005,6.40E-002,YES
CoRM17951,NNACANCAGUNN,((((....)))),2.58E-005,0.0522543,YES
CoRM18023,GGYNUANGCC,(((....))),2.61E-005,2.61E-005,NO
CoRM18026,NCAGGCNNNNYUGN,((((......)))),2.61E-005,7.54E-004,YES
CoRM18467,AGGCNGNNNGYYU,((((.....)))),2.80E-005,2.80E-005,NO
CoRM18494,GCCUNUNNNNNRGGY,((((.......)))),2.81E-005,2.81E-005,NO
CoRM18807,UNNAAGNNNNNNNYUUNNR,((((((.......)))))),2.95E-005,2.92E-002,YES
CoRM18974,GAAUUANNNNUUY,(((.......))),3.03E-005,3.03E-005,NO
CoRM19174,GUYRNNNNNAUGAC,((((......)))),3.13E-005,3.13E-005,NO
CoRM19396,NNNNNRYNNNNANGGUNNNNN,(((((((.......))))))),3.23E-005,0.00321787,YES
CoRM19412,NAUGGCANRUN,(((.....))),3.24E-005,0.00105029,YES
CoRM19445,GURNNNNCANUAC,((((.....)))),3.25E-005,0.000892911,YES
CoRM19544,NCNGAGCNNNNYNGN,((((.......)))),3.30E-005,0.0406554,YES
CoRM19642,NUYNNGCGGGAN,(((......))),3.36E-005,1.35E-003,YES
CoRM19982,NNYUNYNNNGNGNAGNN,(((((((...))))))),3.51E-005,0.0480054,YES
CoRM19983,NUAGUUGNNURN,(((......))),3.52E-005,0.00113791,YES
CoRM20057,URNCUACUA,((.....)),3.56E-005,3.56E-005,NO
CoRM20588,NUGGUUCYYRN,((((...)))),3.84E-005,5.93E-007,NO
CoRM20807,NUYNAGGUGAN,(((.....))),3.94E-005,1.51E-003,YES
CoRM20879,NNRNAAGUCUNN,(((......))),3.98E-005,3.33E-002,YES
CoRM20955,NNYGNAUCCGNN,((((....)))),4.03E-005,0.0395853,YES
CoRM21104,GGNNNUAUUCC,((.......)),4.12E-005,4.12E-005,NO
CoRM21126,ACAGGCNNGU,((......)),4.13E-005,4.13E-005,NO
CoRM21293,NNNCNCAGCNNN,(((......))),4.23E-005,4.89E-007,NO
CoRM21328,NUUGCNNNNNNNNNNNGYRRN,(((((((.......))))))),4.24E-005,7.18E-005,YES
CoRM21454,YYRUNNNANAUGG,(((((...))))),4.33E-005,8.12E-007,NO
CoRM21561,GRRNNNAAGUUC,(((......))),4.39E-005,4.39E-005,NO
CoRM21745,NNGGUGCGNNNYYNN,((((.......)))),4.49E-005,0.000836763,YES
CoRM22145,NNNAANAANNNNUNUUNNN,(((((((.....))))))),4.74E-005,0.0610512,YES
